Producti,Lolita,lmackey3w@va.gov,03-06-2024,17-06-2024
Procurement Management Solution,Joanie,jwintersd6@tinyurl.com,01-05-2024,22-05-2024
Facility Management System,Minta,mstirton7e@etsy.com,26-05-2024,09-06-2024
Project Planning Tool,Seline,scastangiadi@paginegialle.it,30-04-2024,21-05-2024
Sales Dashboard,Justino,jyurygyn27@salon.com,02-06-2024,23-06-2024
Supply Chain Optimization Platform,Gusta,gbritnercg@odnoklassniki.ru,24-05-2024,07-06-2024
Procurement Management Solution,Dorotea,dpaddock3k@google.de,29-05-2024,19-06-2024
Business Intelligence Dashboard,Cherish,cambrozik9t@mtv.com,27-05-2024,10-06-2024
Workflow Automation Platform,Alis,awelbeck8i@qq.com,17-06-2024,01-07-2024
Event Planning and Management Software,Rikki,rdiggell5u@eventbrite.com,13-05-2024,03-06-2024
Event Planning and Management Software,Wilburt,whaucke1i@nsw.gov.au,09-06-2024,23-06-2024
Facility Management System,Cristina,cadlam6r@berkeley.edu,25-05-2024,15-06-2024
Asset Tracking Application,Shawnee,sredd88@bravesites.com,04-06-2024,25-06-2024
Producti,Gayler,gwoodrupae@123-reg.co.uk,25-05-2024,08-06-2024
Facility Management System,Petronille,pmagauranan@icio.us,21-05-2024,11-06-2024
Expense Report Management Software,Siana,sjumeau7x@sohu.com,18-06-2024,02-07-2024
Order Management System,Arliene,ahalsted2s@php.net,06-06-2024,20-06-2024
Business Intelligence Dashboard,Nissy,nmorilla7c@addthis.com,05-06-2024,26-06-2024
Producti,Shayla,sraecroftam@naver.com,16-05-2024,06-06-2024
Customer Support Ticket System,Tannie,trussd8@wufoo.com,17-05-2024,31-05-2024
Sales Forecasting Application,Far,fwoolacott4r@umn.edu,17-06-2024,01-07-2024
Quality Assurance Management System,Anatollo,alowrebj@ted.com,11-05-2024,01-06-2024
Training and Development Platform,Hilary,hkeyescf@ucsd.edu,13-06-2024,04-07-2024
Human Resources Information System (HRIS),Almeria,aoleshunin4t@friendfeed.com,18-05-2024,08-06-2024
Producti,Lanae,ldowtycx@google.ru,20-05-2024,03-06-2024
Market Research Analysis Tool,Will,wkissick1h@creativecommons.org,25-05-2024,08-06-2024
Supply Chain Optimization Platform,Giacobo,gkehir8s@wikipedia.org,22-05-2024,05-06-2024
Customer Support Ticket System,Barrie,btremayle16@digg.com,02-06-2024,23-06-2024
Supply Chain Optimization Platform,Karyn,khynde7g@hugedomains.com,22-06-2024,06-07-2024
Help Desk Ticketing System,Si,sseager5q@arstechnica.com,17-05-2024,31-05-2024
Producti,Florrie,fjillions8m@youtube.com,09-06-2024,30-06-2024
Customer Feedback Management Tool,Sherye,ssallery5h@joomla.org,12-06-2024,03-07-2024
Producti,Ilyse,ioades6h@issuu.com,02-06-2024,23-06-2024
Event Planning and Management Software,Odelia,olafont8j@1und1.de,13-05-2024,27-05-2024
Product Lifecycle Management (PLM) Software,Sissy,srosenauerch@icio.us,08-06-2024,29-06-2024
Product Lifecycle Management (PLM) Software,Dominica,dbromell36@toplist.cz,21-05-2024,04-06-2024
Sales Forecasting Application,Roxanne,rbarthelme3x@bloglines.com,13-05-2024,03-06-2024
Accounts Payable Automation,Franchot,fglasman42@discovery.com,25-04-2024,16-05-2024
Sales Dashboard,Stephenie,soconnel6o@ftc.gov,02-06-2024,23-06-2024
Event Planning and Management Software,Val,vfoned9@epa.gov,07-05-2024,28-05-2024
Training and Development Platform,Olag,oabramsky29@geocities.com,25-05-2024,15-06-2024
Training and Development Platform,Bendix,btroyes99@prlog.org,17-06-2024,08-07-2024
Help Desk Ticketing System,Emmalynne,ecosten9z@studiopress.com,20-05-2024,10-06-2024
Asset Tracking Application,Gaspar,griddingc6@dailymotion.com,29-05-2024,12-06-2024
Market Research Analysis Tool,Mortimer,mlinkebt@over-blog.com,29-04-2024,20-05-2024
Field Service Management Software,Wright,wgateman9l@icio.us,18-04-2024,09-05-2024
Customer Support Ticket System,Ode,odungee3e@imdb.com,24-05-2024,14-06-2024
Help Desk Ticketing System,Agosto,avest5s@fotki.com,12-06-2024,26-06-2024
Inventory Management Software,Liliane,lpaulinobk@fda.gov,21-05-2024,11-06-2024
Event Planning and Management Software,Gwen,ghutcheond5@symantec.com,24-05-2024,07-06-2024
Customer Support Ticket System,Krispin,kgrew4n@mediafire.com,03-07-2024,17-07-2024
Sales Forecasting Application,Niven,nepp1@barnesandnoble.com,06-07-2024,20-07-2024
Compliance Monitoring System,Buckie,bcastrilloaz@blog.com,25-05-2024,15-06-2024
Customer Feedback Management Tool,Liliane,lskiplorne57@engadget.com,27-05-2024,17-06-2024
Expense Report Management Software,Allyn,apiggrem6p@google.es,22-05-2024,12-06-2024
Expense Report Management Software,Tommy,tbonassax@typepad.com,22-07-2024,05-08-2024
Human Resources Information System (HRIS),Gustavo,glandreanbd@icio.us,12-04-2024,03-05-2024
Event Planning and Management Software,Moselle,mperllman8z@paginegialle.it,12-06-2024,26-06-2024
Workflow Automation Platform,Kennan,kmaus2w@discuz.net,01-06-2024,22-06-2024
Sales Forecasting Application,Hobie,hcommanderb5@theguardian.com,03-05-2024,17-05-2024
Event Planning and Management Software,Niccolo,ningarfieldac@unc.edu,17-05-2024,07-06-2024
Marketing Campaign Tracker,Amelie,agoodsell55@nytimes.com,11-07-2024,01-08-2024
Supply Chain Optimization Platform,Alejandrina,aelcum5t@icio.us,28-05-2024,18-06-2024
Producti,Spence,snovotne49@eventbrite.com,16-07-2024,06-08-2024
Order Management System,Langsdon,lkeyho5c@t-online.de,10-06-2024,24-06-2024
Customer Relationship Management (CRM) System,Cherri,cmcgraffin93@wsj.com,23-05-2024,06-06-2024
Project Planning Tool,Allayne,aalltimesd4@sogou.com,24-05-2024,07-06-2024
Incident Reporting System,Sayres,ssproson3n@baidu.com,15-07-2024,05-08-2024
Business Intelligence Dashboard,Gerri,gferronelak@prlog.org,20-05-2024,03-06-2024
Product Lifecycle Management (PLM) Software,Cammy,cdenis8l@arizona.edu,10-06-2024,01-07-2024
Customer Support Ticket System,Sacha,sdelatoural@nifty.com,27-05-2024,10-06-2024
Human Resources Information System (HRIS),Margarette,mlowrie2f@about.me,26-04-2024,10-05-2024
Market Research Analysis Tool,Edd,efippebc@gizmodo.com,28-04-2024,19-05-2024
Project Planning Tool,Bob,bmatschuk5k@histats.com,04-05-2024,25-05-2024
Business Intelligence Dashboard,Margette,memanson3a@freewebs.com,11-07-2024,01-08-2024
Compliance Monitoring System,Florian,fbulgen5b@clickbank.net,24-06-2024,08-07-2024
Customer Feedback Management Tool,Hedwiga,hgerniercp@sakura.ne.jp,26-06-2024,17-07-2024
Inventory Management Software,Margot,mthorbon2l@google.fr,11-07-2024,25-07-2024
Market Research Analysis Tool,Jacquelin,jfancottcb@bizjournals.com,16-05-2024,30-05-2024
Human Resources Information System (HRIS),Nikoletta,nscrigmour80@example.com,14-06-2024,05-07-2024
Quality Assurance Management System,Waylon,whourigan2e@e-recht24.de,16-06-2024,07-07-2024
Facility Management System,Hamlin,haxelby6x@hubpages.com,01-06-2024,22-06-2024
Inventory Management Software,Tito,tvowells0@nhs.uk,10-07-2024,24-07-2024
Customer Support Ticket System,Richard,rvanezisy@hao123.com,08-07-2024,22-07-2024
Supply Chain Optimization Platform,Reese,rgarment95@edublogs.org,10-07-2024,31-07-2024
Market Research Analysis Tool,Normie,ncaldroni7w@imdb.com,01-06-2024,15-06-2024
Sales Forecasting Application,Adolph,asailer8t@reference.com,10-06-2024,24-06-2024
Workflow Automation Platform,Riccardo,rbeardow5a@theatlantic.com,25-06-2024,09-07-2024
Supply Chain Optimization Platform,Webb,wfarhertybm@multiply.com,02-06-2024,16-06-2024
Inventory Management Software,Jonah,jallderidgec1@google.com.br,04-05-2024,18-05-2024
Document Collaboration Platform,Tara,tduigenan1z@examiner.com,28-05-2024,11-06-2024
Asset Tracking Application,Shelba,smoyes8u@altervista.org,27-06-2024,18-07-2024
Product Lifecycle Management (PLM) Software,Lindie,lgelliercz@prlog.org,09-07-2024,23-07-2024
Order Management System,Otha,obilbee6d@cbc.ca,27-05-2024,17-06-2024
Marketing Campaign Tracker,Damaris,dmckew8k@drupal.org,20-07-2024,03-08-2024
Order Management System,Jaimie,jbidgood5y@weebly.com,24-05-2024,14-06-2024
Help Desk Ticketing System,Byron,boscully23@taobao.com,27-04-2024,11-05-2024
Customer Feedback Management Tool,Vince,vcosti1r@behance.net,20-06-2024,04-07-2024
Sales Dashboard,Abbe,anyssen9w@webnode.com,10-07-2024,31-07-2024
Customer Support Ticket System,Natka,ndavysj@youku.com,18-06-2024,09-07-2024
Facility Management System,Bruis,bhacard6n@google.com.au,06-07-2024,27-07-2024
Accounts Payable Automation,Kermie,kcarden98@usa.gov,25-05-2024,15-06-2024
Customer Feedback Management Tool,Fabien,fmatisf@dedecms.com,23-05-2024,13-06-2024
Field Service Management Software,Lexi,lgilluley4i@hud.gov,23-06-2024,14-07-2024
Risk Management Software,Enrichetta,emcaneny6u@ihg.com,22-05-2024,12-06-2024
Workflow Automation Platform,Carny,cgillmor2h@arizona.edu,12-05-2024,02-06-2024
Field Service Management Software,Nissa,nmckee2z@google.ru,22-04-2024,06-05-2024
Training and Development Platform,Laureen,ltroop50@bing.com,28-05-2024,18-06-2024
Business Intelligence Dashboard,Jodi,jvogl9s@simplemachines.org,11-05-2024,25-05-2024
Workflow Automation Platform,Hamnet,hbraghiniaa@stumbleupon.com,26-06-2024,10-07-2024
Inventory Management Software,Quinton,qdreier8h@cisco.com,19-05-2024,02-06-2024
Customer Relationship Management (CRM) System,Carie,clinzeydl@plala.or.jp,31-05-2024,21-06-2024
Vendor Relationship Management (VRM) Platform,Faun,flingfoot17@sbwire.com,01-05-2024,22-05-2024
Customer Feedback Management Tool,Valery,vnazaret7n@miibeian.gov.cn,19-06-2024,10-07-2024
Sales Dashboard,Ulrica,uomullan8x@tmall.com,02-06-2024,23-06-2024
Order Management System,Hartley,hcargodf@infoseek.co.jp,14-06-2024,05-07-2024
Field Service Management Software,Micheil,mlawfulbb@arstechnica.com,18-07-2024,01-08-2024
Sales Dashboard,Mae,mrielly86@bandcamp.com,29-05-2024,19-06-2024
Marketing Campaign Tracker,Josephina,jketteman4g@hibu.com,07-07-2024,21-07-2024
Inventory Management Software,Kippy,kfisk6j@google.co.jp,31-05-2024,21-06-2024
Order Management System,Sarina,sshevelin5@princeton.edu,30-06-2024,14-07-2024
Compliance Monitoring System,Tris,trubinovdc@bbb.org,16-05-2024,06-06-2024
Inventory Management Software,Ashli,afossick12@wikipedia.org,06-06-2024,20-06-2024
Inventory Management Software,Cynthy,cstarkie6y@ftc.gov,28-06-2024,19-07-2024
Workflow Automation Platform,Kipper,kwhimperq@independent.co.uk,18-05-2024,01-06-2024
Order Management System,Sharla,sschusterl3s@rediff.com,05-07-2024,19-07-2024
Supply Chain Optimization Platform,Arther,atenney71@cdbaby.com,31-05-2024,21-06-2024
Facility Management System,Shadow,sfredex@deviantart.com,23-05-2024,13-06-2024
Help Desk Ticketing System,Ameline,aiohananofbu@unicef.org,12-04-2024,03-05-2024
Document Collaboration Platform,Gillan,gboyde8b@nsw.gov.au,02-07-2024,23-07-2024
Help Desk Ticketing System,Harris,hcarlessa3@gov.uk,27-05-2024,10-06-2024
Supply Chain Optimization Platform,Stafani,sjeannet84@pbs.org,29-06-2024,20-07-2024
Customer Support Ticket System,Ruthann,rmincher74@cbsnews.com,30-05-2024,13-06-2024
Customer Feedback Management Tool,Ailey,aeccleston25@unc.edu,17-06-2024,08-07-2024
Field Service Management Software,Jilli,jgoodman5m@virginia.edu,05-05-2024,19-05-2024
Help Desk Ticketing System,Laughton,lmaha9v@narod.ru,02-06-2024,23-06-2024
Training and Development Platform,L;urette,llobbe5e@utexas.edu,15-07-2024,05-08-2024
Business Intelligence Dashboard,Sholom,sjohananovct@indiegogo.com,30-05-2024,20-06-2024
Sales Dashboard,Tuck,tmacinnes4f@facebook.com,04-06-2024,25-06-2024
Quality Assurance Management System,Christiano,cmcadam75@japanpost.jp,31-05-2024,21-06-2024
Training and Development Platform,Gertrudis,growth91@geocities.com,25-06-2024,09-07-2024
Order Management System,Bay,bantrobus5l@lulu.com,07-06-2024,21-06-2024
Incident Reporting System,Linell,lboyallv@google.com,09-06-2024,30-06-2024
Product Lifecycle Management (PLM) Software,Florian,fgordona@is.gd,11-06-2024,25-06-2024
Facility Management System,Cordell,cjoslowcc@ihg.com,03-06-2024,17-06-2024
Inventory Management Software,Ximenez,xmcdarmidbf@alexa.com,04-05-2024,18-05-2024
Event Planning and Management Software,Sharl,smoss6k@pinterest.com,20-06-2024,04-07-2024
Marketing Campaign Tracker,West,wkynvin2v@adobe.com,25-05-2024,08-06-2024
Product Lifecycle Management (PLM) Software,Sybille,sgiroddr@paypal.com,07-06-2024,28-06-2024
Sales Forecasting Application,Tarrance,tdivall4h@jiathis.com,19-05-2024,02-06-2024
Inventory Management Software,Gordon,gmccosh92@nps.gov,17-06-2024,08-07-2024
Event Planning and Management Software,Markos,mgiovannardice@cocolog-nifty.com,26-04-2024,17-05-2024
Training and Development Platform,Kalli,kcorhard8e@netscape.com,22-06-2024,06-07-2024
Quality Assurance Management System,Roth,rbenaharon3o@wufoo.com,02-04-2024,16-04-2024
Sales Dashboard,Shina,sfearns4u@slashdot.org,30-05-2024,20-06-2024
Incident Reporting System,Marigold,mewenson2i@soup.io,09-07-2024,23-07-2024
Facility Management System,Melonie,mscaife90@dot.gov,12-07-2024,26-07-2024
Sales Dashboard,Halsy,hatley6e@amazon.de,08-06-2024,29-06-2024
Quality Assurance Management System,Kathie,kabramsky5v@shutterfly.com,21-07-2024,04-08-2024
Order Management System,Garv,gwinder6l@twitter.com,22-06-2024,13-07-2024
Inventory Management Software,Regine,rmashal8y@shutterfly.com,12-06-2024,03-07-2024
Inventory Management Software,Cornelle,cjantzendj@tripadvisor.com,25-04-2024,09-05-2024
Employee Performance Appraisal Tool,Tierney,thudghtondu@upenn.edu,23-04-2024,14-05-2024
Expense Report Management Software,Eldredge,edruittcw@multiply.com,23-06-2024,07-07-2024
Employee Performance Appraisal Tool,Isabeau,ihendriksen9n@mlb.com,18-07-2024,08-08-2024
Order Management System,Giavani,gphizacklea2c@yale.edu,22-04-2024,06-05-2024
Document Collaboration Platform,Nydia,nwands2y@state.tx.us,08-05-2024,29-05-2024
Customer Relationship Management (CRM) System,Reamonn,rweetch3h@imgur.com,23-05-2024,13-06-2024
Human Resources Information System (HRIS),Jeni,jspradbrowcv@comcast.net,14-06-2024,28-06-2024
Risk Management Software,Rayna,ryearnsbp@marketwatch.com,22-04-2024,13-05-2024
Business Intelligence Dashboard,Allard,aeastgatea5@bandcamp.com,03-06-2024,24-06-2024
Procurement Management Solution,Betsy,bduns69@bbb.org,13-06-2024,27-06-2024
Inventory Management Software,Bebe,bgrimestone9j@salon.com,08-05-2024,29-05-2024
Incident Reporting System,Tiena,tbigley9@nih.gov,06-06-2024,20-06-2024
Producti,Kipper,kpetrushka1k@networkadvertising.org,07-05-2024,21-05-2024
Facility Management System,Jeremiah,jflye3c@usatoday.com,25-05-2024,15-06-2024
Marketing Campaign Tracker,Adelle,abartell5x@twitpic.com,11-06-2024,02-07-2024
Workflow Automation Platform,Bebe,bgleaderc8@seattletimes.com,29-05-2024,12-06-2024
Expense Report Management Software,Wes,wsimoncellidn@opera.com,13-04-2024,04-05-2024
Sales Forecasting Application,Bobinette,bbrigginshaw2p@sourceforge.net,07-05-2024,21-05-2024
Event Planning and Management Software,Vaclav,vferran9g@pinterest.com,15-06-2024,06-07-2024
Sales Dashboard,Ernestine,estuchburie5z@businesswire.com,03-06-2024,24-06-2024
Facility Management System,Giselle,gthompson46@scribd.com,25-06-2024,09-07-2024
Producti,Chery,cstroobant4j@engadget.com,11-06-2024,02-07-2024
Event Planning and Management Software,Marlena,mbedinhambl@cloudflare.com,20-05-2024,10-06-2024
Quality Assurance Management System,Benoite,btattersd7@ted.com,18-06-2024,02-07-2024
Employee Performance Appraisal Tool,Pansy,pcoodea0@godaddy.com,26-05-2024,16-06-2024
Asset Tracking Application,Payton,pdooreyd0@paginegialle.it,16-07-2024,30-07-2024
Customer Relationship Management (CRM) System,Olympia,oellingtonbx@moonfruit.com,07-06-2024,21-06-2024
Vendor Relationship Management (VRM) Platform,Meara,mblundellay@hatena.ne.jp,29-05-2024,12-06-2024
Asset Tracking Application,Levey,lpabel52@about.me,24-05-2024,07-06-2024
Employee Performance Appraisal Tool,Ted,tdriffill1l@nymag.com,19-07-2024,09-08-2024
Incident Reporting System,Earlie,esabaterb7@tripadvisor.com,08-06-2024,29-06-2024
Risk Management Software,Leslie,lgeraldi2m@europa.eu,12-05-2024,26-05-2024
Workflow Automation Platform,Freeman,fanwella7@angelfire.com,17-06-2024,01-07-2024
Expense Report Management Software,Ada,alightning94@mozilla.com,12-05-2024,02-06-2024
Risk Management Software,Veronique,vmcshaneah@paginegialle.it,05-06-2024,19-06-2024
Marketing Campaign Tracker,Alexina,abestwall2@businessweek.com,19-04-2024,03-05-2024
Marketing Campaign Tracker,Jefferey,jredon67@creativecommons.org,17-05-2024,31-05-2024
Facility Management System,Mag,mogers77@smugmug.com,13-04-2024,04-05-2024
Marketing Campaign Tracker,Thorpe,tlewens9y@google.pl,22-05-2024,05-06-2024
Document Collaboration Platform,Darda,dscholerc7@eventbrite.com,23-05-2024,06-06-2024
Expense Report Management Software,Chevalier,cbayfield53@loc.gov,24-05-2024,14-06-2024
Compliance Monitoring System,Salomo,sshipperbottom47@linkedin.com,23-07-2024,13-08-2024
Event Planning and Management Software,Jeri,jleball1f@google.pl,14-06-2024,05-07-2024
Sales Dashboard,Orelie,ohriinchenko9f@domainmarket.com,25-05-2024,08-06-2024
Workflow Automation Platform,Robinet,redmundsonc@cafepress.com,14-05-2024,04-06-2024
Customer Feedback Management Tool,Jandy,jstuke9x@themeforest.net,07-05-2024,28-05-2024
Vendor Relationship Management (VRM) Platform,Tades,tbabbs76@dagondesign.com,17-06-2024,01-07-2024
Workflow Automation Platform,Leroy,llebarreea2@bloomberg.com,02-06-2024,16-06-2024
Sales Forecasting Application,Larine,lwarrilow33@noaa.gov,23-05-2024,13-06-2024
Product Lifecycle Management (PLM) Software,Staffard,scottier1n@w3.org,19-04-2024,10-05-2024
Risk Management Software,Eugenius,etall6t@youtu.be,10-05-2024,24-05-2024
Customer Feedback Management Tool,Kelly,kgrieveson8o@wufoo.com,04-05-2024,25-05-2024
Incident Reporting System,Oralle,oblancee@ucoz.ru,10-04-2024,01-05-2024
Customer Feedback Management Tool,Tailor,ttriplet1w@yellowpages.com,26-06-2024,10-07-2024
Employee Performance Appraisal Tool,Lorenzo,ldeery3y@comcast.net,29-05-2024,19-06-2024
Producti,Vlad,vchasneya1@marketwatch.com,24-05-2024,14-06-2024
Product Lifecycle Management (PLM) Software,Catlin,cparramore3v@github.com,27-07-2024,17-08-2024
Compliance Monitoring System,Velvet,vconerding70@xinhuanet.com,23-06-2024,07-07-2024
Producti,Tim,tharpi@etsy.com,20-05-2024,03-06-2024
Training and Development Platform,Nathanil,nlackmann21@drupal.org,18-06-2024,09-07-2024
Market Research Analysis Tool,Anestassia,arevensa4@jalbum.net,23-05-2024,06-06-2024
Producti,Shaw,sferrieri37@discovery.com,05-06-2024,26-06-2024
Product Lifecycle Management (PLM) Software,Hedi,hcappelbs@miitbeian.gov.cn,15-05-2024,29-05-2024
Customer Feedback Management Tool,Fairlie,fmcmurraya1p@1688.com,26-06-2024,10-07-2024
Help Desk Ticketing System,Johannes,jbrenstuhl7v@github.com,28-05-2024,11-06-2024
Sales Dashboard,Silvia,stiptonbi@macromedia.com,24-04-2024,15-05-2024
Quality Assurance Management System,Britteny,bdory6g@webeden.co.uk,21-06-2024,12-07-2024
Customer Relationship Management (CRM) System,Lishe,lgrittonb0@samsung.com,16-06-2024,07-07-2024
Risk Management Software,Kelvin,kheavy9c@blogtalkradio.com,14-05-2024,28-05-2024
Customer Feedback Management Tool,Gris,gleideckerc9@netvibes.com,07-07-2024,21-07-2024
Expense Report Management Software,Bastian,binman6@jalbum.net,25-04-2024,09-05-2024
Customer Feedback Management Tool,Conant,cmartinez1c@noaa.gov,28-05-2024,18-06-2024
Risk Management Software,Barbie,bstuddard66@feedburner.com,30-05-2024,20-06-2024
Risk Management Software,Kimbell,kduer34@comsenz.com,10-06-2024,01-07-2024
Sales Forecasting Application,Hamilton,hattersollcd@blogspot.com,22-04-2024,06-05-2024
Supply Chain Optimization Platform,Shir,srattenbury9q@xinhuanet.com,26-05-2024,16-06-2024
Sales Forecasting Application,Cecilio,clydall1b@purevolume.com,25-05-2024,08-06-2024
Vendor Relationship Management (VRM) Platform,Deonne,ddegoy3i@cpanel.net,31-05-2024,21-06-2024
Workflow Automation Platform,Archambault,apardal65@irs.gov,23-06-2024,14-07-2024
Document Collaboration Platform,Gretta,galmey15@elpais.com,12-05-2024,02-06-2024
Facility Management System,Terrel,tperillo8n@bloglines.com,07-07-2024,28-07-2024
Product Lifecycle Management (PLM) Software,Nikos,naizikl@typepad.com,01-05-2024,22-05-2024
Inventory Management Software,Ludwig,ljordend1@smugmug.com,09-05-2024,23-05-2024
Sales Forecasting Application,Pammy,pfavela87@unesco.org,03-04-2024,17-04-2024
Training and Development Platform,Arch,acoeydt@npr.org,17-05-2024,31-05-2024
Expense Report Management Software,Vania,vmelley89@github.com,30-06-2024,14-07-2024
Customer Support Ticket System,Fredra,fokill8p@hhs.gov,27-04-2024,11-05-2024
Order Management System,Dorie,dheaps8r@google.es,05-07-2024,26-07-2024
Producti,Yoshiko,ytwyford5n@barnesandnoble.com,20-05-2024,03-06-2024
Supply Chain Optimization Platform,Gaston,gneasam5r@auda.org.au,09-06-2024,30-06-2024
Customer Feedback Management Tool,Jourdain,jrubegabv@gov.uk,23-04-2024,07-05-2024
Customer Support Ticket System,Teddy,thaywood13@zimbio.com,26-05-2024,16-06-2024
Customer Feedback Management Tool,Jaimie,jmeneo7t@bloglovin.com,26-04-2024,10-05-2024
Business Intelligence Dashboard,Gwynne,gscroxton3d@theatlantic.com,25-05-2024,15-06-2024
Expense Report Management Software,Sharity,smcilwrick1t@pcworld.com,17-05-2024,07-06-2024
Workflow Automation Platform,Alyce,alacer9k@paginegialle.it,05-05-2024,26-05-2024
Business Intelligence Dashboard,Vail,vmcamishb8@domainmarket.com,18-05-2024,01-06-2024
Procurement Management Solution,Shauna,srumpbr@google.com,20-05-2024,03-06-2024
Risk Management Software,Wilfrid,wperfitt7d@yellowpages.com,27-07-2024,10-08-2024
Vendor Relationship Management (VRM) Platform,Erminie,ekertess4p@discovery.com,29-05-2024,12-06-2024
Business Intelligence Dashboard,Culley,csilber2d@about.me,06-07-2024,20-07-2024
Order Management System,Saunderson,smoreman7s@vk.com,17-06-2024,08-07-2024
Producti,Saxe,sdunrige7i@xrea.com,03-05-2024,24-05-2024
Supply Chain Optimization Platform,Ross,rdundridgep@gravatar.com,09-06-2024,23-06-2024
Business Intelligence Dashboard,Marv,mmeach7u@wp.com,02-06-2024,16-06-2024
Project Planning Tool,Blaire,bmackeoghm@cyberchimps.com,06-05-2024,20-05-2024
Sales Dashboard,Leonelle,lpeeverb1@acquirethisname.com,01-07-2024,15-07-2024
Document Collaboration Platform,Loutitia,lcersey1y@etsy.com,14-06-2024,05-07-2024
Procurement Management Solution,Laughton,ldunlapdb@apache.org,29-04-2024,13-05-2024
Inventory Management Software,Gale,glekeux44@multiply.com,14-06-2024,05-07-2024
Employee Performance Appraisal Tool,Lewie,lkaubisch7f@fc2.com,04-06-2024,18-06-2024
Employee Performance Appraisal Tool,Reynard,rpessler2n@mashable.com,12-06-2024,26-06-2024
Customer Relationship Management (CRM) System,Rodger,rswindallaw@prnewswire.com,10-05-2024,31-05-2024
Customer Support Ticket System,Felicle,flillegard97@washingtonpost.com,05-07-2024,19-07-2024
Quality Assurance Management System,Xylia,xmaddersdm@narod.ru,09-05-2024,30-05-2024
Risk Management Software,Bobbi,bnares30@discovery.com,30-05-2024,13-06-2024
Business Intelligence Dashboard,Harriette,hdunningad@umich.edu,25-06-2024,16-07-2024
Customer Feedback Management Tool,Katlin,kgilliattc0@berkeley.edu,02-06-2024,23-06-2024
Employee Performance Appraisal Tool,Noreen,nphlippsen64@nifty.com,26-05-2024,09-06-2024
Event Planning and Management Software,Norrie,nbetjeaf@springer.com,14-04-2024,28-04-2024
Expense Report Management Software,Jobye,jwetherellco@cpanel.net,24-05-2024,07-06-2024
Human Resources Information System (HRIS),Dodie,dlandeb4@redcross.org,23-04-2024,14-05-2024
Sales Forecasting Application,Stavro,soates24@tiny.cc,21-05-2024,04-06-2024
Customer Feedback Management Tool,Janette,jklynerb3@nydailynews.com,13-06-2024,27-06-2024
Incident Reporting System,Selina,sohartagan4o@accuweather.com,19-06-2024,03-07-2024
Customer Feedback Management Tool,Filia,fkervinag@oaic.gov.au,02-06-2024,23-06-2024
Project Planning Tool,Nissie,ntotarod3@disqus.com,12-06-2024,03-07-2024
Compliance Monitoring System,Chick,ccoupar96@europa.eu,09-04-2024,23-04-2024
Field Service Management Software,Joela,jgodber61@msn.com,08-06-2024,29-06-2024
Help Desk Ticketing System,Aristotle,ajanoscheka6@msu.edu,24-04-2024,08-05-2024
Procurement Management Solution,Courtnay,cardley82@dropbox.com,20-06-2024,04-07-2024
Quality Assurance Management System,Caria,cmanthroppe6f@desdev.cn,21-05-2024,04-06-2024
Market Research Analysis Tool,Oralie,oginnellbq@cisco.com,07-06-2024,21-06-2024
Quality Assurance Management System,Den,dplaister9o@virginia.edu,29-05-2024,12-06-2024
Compliance Monitoring System,Julee,jdudek9h@quantcast.com,14-05-2024,04-06-2024
Customer Support Ticket System,Floyd,fperford5g@stanford.edu,23-06-2024,07-07-2024
Field Service Management Software,Lynsey,lwick68@wordpress.com,21-05-2024,11-06-2024
Document Collaboration Platform,Gayler,geich7a@senate.gov,26-06-2024,17-07-2024
Product Lifecycle Management (PLM) Software,Granville,gbuten5p@wix.com,24-04-2024,08-05-2024
Incident Reporting System,Berthe,bnanelli41@slashdot.org,15-06-2024,06-07-2024
Field Service Management Software,Holly,hmcauliffeap@studiopress.com,12-06-2024,26-06-2024
Field Service Management Software,Glynnis,gklugman9i@utexas.edu,27-06-2024,18-07-2024
Product Lifecycle Management (PLM) Software,Lindie,llaval2a@parallels.com,10-05-2024,24-05-2024
Employee Performance Appraisal Tool,Marijn,mkeslake2r@uol.com.br,16-06-2024,07-07-2024
Incident Reporting System,Worthy,wstitwellaq@zdnet.com,12-06-2024,26-06-2024
Market Research Analysis Tool,Janie,jgrix20@about.me,18-07-2024,08-08-2024
Document Collaboration Platform,Nanny,nsantus59@printfriendly.com,04-07-2024,25-07-2024
Customer Feedback Management Tool,Karlens,kbricket7o@answers.com,27-05-2024,10-06-2024
Employee Performance Appraisal Tool,Thurstan,tstentiford5o@unblog.fr,10-07-2024,31-07-2024
Incident Reporting System,Peggie,pbadcock6c@noaa.gov,20-06-2024,11-07-2024
Compliance Monitoring System,Jody,jaccum4c@msn.com,10-04-2024,01-05-2024
Quality Assurance Management System,Putnam,pyakunikov7b@sciencedirect.com,19-07-2024,02-08-2024
Quality Assurance Management System,Dory,dbirbeck48@washingtonpost.com,08-06-2024,22-06-2024
Supply Chain Optimization Platform,Myrtie,mjacobowitz9m@devhub.com,30-05-2024,20-06-2024
Product Lifecycle Management (PLM) Software,Brinn,bspatonicl@whitehouse.gov,29-06-2024,13-07-2024
Inventory Management Software,Colan,ccolmerg@nhs.uk,22-05-2024,05-06-2024
Product Lifecycle Management (PLM) Software,Joceline,jjerrardcm@fda.gov,21-05-2024,04-06-2024
Market Research Analysis Tool,Claus,cwrangledk@buzzfeed.com,26-06-2024,17-07-2024
Inventory Management Software,Vaclav,vbaulk1s@digg.com,28-04-2024,19-05-2024
Incident Reporting System,Rand,rmaclleeseas@oracle.com,06-05-2024,27-05-2024
Vendor Relationship Management (VRM) Platform,Laverne,lsearchfieldb@w3.org,28-05-2024,11-06-2024
Producti,Ellynn,eclunan3j@accuweather.com,28-07-2024,18-08-2024
Marketing Campaign Tracker,Feodor,fdetocqueville4k@hexun.com,13-06-2024,27-06-2024
Facility Management System,Binni,bvanyashkin1g@dmoz.org,18-04-2024,09-05-2024
Human Resources Information System (HRIS),Nikoletta,nahrendsenr@pen.io,26-04-2024,10-05-2024
Accounts Payable Automation,Neila,nbaradel9d@dailymail.co.uk,18-04-2024,09-05-2024
Help Desk Ticketing System,Quintilla,qarnoult26@ucla.edu,31-05-2024,14-06-2024
Training and Development Platform,Rosaleen,rofielly7k@mozilla.org,31-05-2024,21-06-2024
Quality Assurance Management System,Basilio,bjurickda@desdev.cn,23-07-2024,13-08-2024
Supply Chain Optimization Platform,Donall,dwardingleyu@dailymotion.com,29-06-2024,20-07-2024
Producti,Ase,aheadlya8@oracle.com,11-04-2024,02-05-2024
Accounts Payable Automation,Odette,ochatan2x@goodreads.com,09-06-2024,30-06-2024
Help Desk Ticketing System,Durant,dtuohya9@quantcast.com,25-06-2024,09-07-2024
Project Planning Tool,Rickie,rvargasc4@wikispaces.com,08-06-2024,29-06-2024
Incident Reporting System,Merrill,mchatfield45@arstechnica.com,01-06-2024,22-06-2024
Vendor Relationship Management (VRM) Platform,Zachery,zcossentinedo@surveymonkey.com,21-07-2024,11-08-2024
Human Resources Information System (HRIS),Min,mroddiek@princeton.edu,19-05-2024,09-06-2024
Producti,Lise,llaird6q@yale.edu,22-04-2024,06-05-2024
Risk Management Software,Charleen,cdodgshunbg@springer.com,25-06-2024,09-07-2024
Supply Chain Optimization Platform,Fanchette,flongworthyc3@unicef.org,12-06-2024,26-06-2024
Market Research Analysis Tool,Shellie,sglennon3t@princeton.edu,30-05-2024,13-06-2024
Risk Management Software,Verney,vkesley81@pagesperso-orange.fr,02-06-2024,16-06-2024
Sales Forecasting Application,Deane,dmenslerb9@cargocollective.com,20-05-2024,10-06-2024
Inventory Management Software,Jerrold,johoey40@netvibes.com,25-06-2024,09-07-2024
Employee Performance Appraisal Tool,Marchall,mclemitt56@rakuten.co.jp,14-06-2024,28-06-2024
Help Desk Ticketing System,Brigham,bcurness1o@cnn.com,29-06-2024,13-07-2024
Training and Development Platform,Hermie,hcromb1u@wordpress.org,28-06-2024,19-07-2024
Order Management System,Marysa,mbirtwell3l@last.fm,06-06-2024,27-06-2024
Inventory Management Software,Darcey,dmaruszewski4m@wired.com,26-04-2024,17-05-2024
Field Service Management Software,Dag,dbraghinicn@un.org,12-06-2024,03-07-2024
Market Research Analysis Tool,Cletis,cpordall18@wisc.edu,17-06-2024,08-07-2024
Procurement Management Solution,Carly,cdellabbate43@nymag.com,26-06-2024,17-07-2024
Compliance Monitoring System,Kennie,kmclucas1a@wufoo.com,21-05-2024,11-06-2024
Asset Tracking Application,Avril,aplayforddd@t.co,11-06-2024,25-06-2024
Customer Support Ticket System,Johnette,jmessentcj@pinterest.com,12-06-2024,26-06-2024
Help Desk Ticketing System,Efrem,eandratcu@alexa.com,09-07-2024,23-07-2024
Facility Management System,Avery,agaucherci@wsj.com,31-05-2024,14-06-2024
Accounts Payable Automation,Herold,hpriden9a@reddit.com,14-06-2024,28-06-2024
Business Intelligence Dashboard,Cornall,chawford6s@rakuten.co.jp,14-06-2024,05-07-2024
Sales Dashboard,Hartwell,hrozaj@columbia.edu,23-07-2024,06-08-2024
Customer Support Ticket System,Amalle,aromeuf62@reddit.com,01-06-2024,22-06-2024
Training and Development Platform,Quinn,qbarrott3r@baidu.com,11-07-2024,25-07-2024
Accounts Payable Automation,Aila,atelling5i@washington.edu,20-05-2024,10-06-2024
Sales Forecasting Application,Elizabeth,emateos5w@globo.com,25-05-2024,08-06-2024
Compliance Monitoring System,Denise,dmcleesew@nationalgeographic.com,02-06-2024,23-06-2024
Facility Management System,Lita,lbrake78@creativecommons.org,23-05-2024,13-06-2024
Facility Management System,Selby,shisemanat@seesaa.net,14-04-2024,28-04-2024
Risk Management Software,Charlie,celland9p@yahoo.com,04-04-2024,25-04-2024
Facility Management System,Phaedra,pmulloch7q@bbb.org,19-05-2024,09-06-2024
Employee Performance Appraisal Tool,Alessandro,ascipsey6i@imdb.com,08-05-2024,22-05-2024
Procurement Management Solution,Hildagard,hmiguel8a@hc360.com,14-06-2024,28-06-2024
Incident Reporting System,Jo-ann,jmansfield3m@nasa.gov,18-05-2024,01-06-2024
Incident Reporting System,Ric,rcallway2g@cbsnews.com,20-05-2024,03-06-2024
Project Planning Tool,Rozamond,rcurnnokk4e@sphinn.com,07-06-2024,21-06-2024
Customer Support Ticket System,Cullan,clenteb6@indiatimes.com,15-04-2024,06-05-2024
Supply Chain Optimization Platform,Henry,hwatterscq@sphinn.com,18-07-2024,01-08-2024
Employee Performance Appraisal Tool,Martina,mrosengren63@boston.com,20-04-2024,11-05-2024
Sales Forecasting Application,Linc,lluxtonav@homestead.com,25-04-2024,09-05-2024
Employee Performance Appraisal Tool,Lotte,llundbeck9u@sun.com,15-06-2024,29-06-2024
Project Planning Tool,Farah,fseak3b@wisc.edu,07-06-2024,21-06-2024
Event Planning and Management Software,Haroun,hmarrow4w@cisco.com,08-06-2024,22-06-2024
Event Planning and Management Software,Lorenzo,lbonnaires@cnet.com,17-05-2024,07-06-2024
Procurement Management Solution,Elissa,eleyland2o@people.com.cn,04-06-2024,18-06-2024
Sales Dashboard,Rivi,rbesson3g@diigo.com,19-07-2024,02-08-2024
Sales Dashboard,Claudina,criba1e@photobucket.com,24-05-2024,07-06-2024
Inventory Management Software,Kerrill,kbarenskiecy@fastcompany.com,18-06-2024,09-07-2024
Product Lifecycle Management (PLM) Software,Tami,toakenfullbo@ameblo.jp,21-05-2024,11-06-2024
Training and Development Platform,Nico,nsivess7r@comsenz.com,18-05-2024,08-06-2024
Help Desk Ticketing System,Rayna,rcrowcumds@tripod.com,29-06-2024,20-07-2024
Order Management System,Ellary,efawdreydv@java.com,25-05-2024,15-06-2024
Customer Relationship Management (CRM) System,Merrick,mbroxisbe@qq.com,07-06-2024,21-06-2024
Project Planning Tool,Jo ann,jjorin14@house.gov,08-05-2024,22-05-2024
Product Lifecycle Management (PLM) Software,Penelopa,padshad4x@bloglines.com,06-07-2024,20-07-2024
Producti,Bria,btrowilld@economist.com,30-06-2024,14-07-2024
Customer Feedback Management Tool,Shanta,skroger6v@usnews.com,15-05-2024,05-06-2024
Incident Reporting System,Wenonah,wrivilis6w@flavors.me,22-05-2024,12-06-2024
Field Service Management Software,Waylen,wrewanau@thetimes.co.uk,28-04-2024,19-05-2024
Workflow Automation Platform,Markus,mdredge1x@bandcamp.com,07-06-2024,28-06-2024
Quality Assurance Management System,Malchy,mobrian2k@gnu.org,22-05-2024,05-06-2024
Sales Dashboard,Debi,dspeddin8d@ycombinator.com,23-05-2024,06-06-2024
Event Planning and Management Software,Mano,mmcgawt@vinaora.com,27-05-2024,17-06-2024
Project Planning Tool,Jordana,jcombe7h@upenn.edu,07-05-2024,28-05-2024
Workflow Automation Platform,Melba,mkaasmannby@nytimes.com,24-05-2024,14-06-2024
Producti,Damaris,dgirardeau7l@sohu.com,03-06-2024,17-06-2024
Producti,Sherrie,smackill1d@usa.gov,16-07-2024,06-08-2024
Inventory Management Software,Emmalee,epococke8f@ft.com,19-04-2024,03-05-2024
Market Research Analysis Tool,Ryley,rlemoucheux3@sciencedaily.com,02-06-2024,16-06-2024
Customer Support Ticket System,Byram,bbeasleigh2j@1688.com,26-05-2024,16-06-2024
Event Planning and Management Software,Antonius,asteablerd2@flavors.me,24-06-2024,15-07-2024
Customer Support Ticket System,Moe,mfiggen39@mayoclinic.com,09-07-2024,23-07-2024
Supply Chain Optimization Platform,Aidan,abrockelsby4z@mayoclinic.com,03-06-2024,17-06-2024
Field Service Management Software,Isahella,iivanchikov4b@behance.net,12-05-2024,02-06-2024
Human Resources Information System (HRIS),Nathanial,nwontnerde@elegantthemes.com,29-04-2024,20-05-2024
Business Intelligence Dashboard,Tabbie,tgrainger19@ycombinator.com,21-05-2024,11-06-2024
Project Planning Tool,Bram,bgoozee22@noaa.gov,04-07-2024,25-07-2024
Quality Assurance Management System,Gwenora,ggiovannetti7y@smugmug.com,20-05-2024,10-06-2024
Field Service Management Software,Winnie,wstachinibw@hao123.com,21-06-2024,05-07-2024
Document Collaboration Platform,Joy,jbroadwell6m@odnoklassniki.ru,11-05-2024,01-06-2024
Risk Management Software,Maressa,mgedgec5@gravatar.com,16-04-2024,07-05-2024
Product Lifecycle Management (PLM) Software,Mahmud,mdibartolomeoca@dedecms.com,04-05-2024,25-05-2024
Sales Dashboard,Winne,wlanfere7p@virginia.edu,15-05-2024,29-05-2024
Producti,Marcelline,mbacon4q@yahoo.com,12-05-2024,26-05-2024
Expense Report Management Software,Angelika,atack2b@ftc.gov,19-04-2024,03-05-2024
Inventory Management Software,Willey,wambler7m@slideshare.net,16-05-2024,30-05-2024
Help Desk Ticketing System,Anita,ambarrono@4shared.com,01-06-2024,15-06-2024
Facility Management System,Kathleen,kskedgeck@squidoo.com,26-05-2024,09-06-2024
Inventory Management Software,Tori,thabbindp@nyu.edu,01-06-2024,22-06-2024
Business Intelligence Dashboard,Brook,bbevington2u@freewebs.com,15-06-2024,06-07-2024
Employee Performance Appraisal Tool,Cecilius,ccowdroycs@alexa.com,30-05-2024,20-06-2024
Event Planning and Management Software,Nester,nmacloughlinab@mapquest.com,29-06-2024,13-07-2024
Expense Report Management Software,Arlette,alittlemore6b@nymag.com,31-05-2024,14-06-2024
Supply Chain Optimization Platform,Noel,nsketdh@soundcloud.com,23-06-2024,07-07-2024
Order Management System,Starlene,ssmale1q@123-reg.co.uk,23-05-2024,13-06-2024
Quality Assurance Management System,Dougie,dbradfieldar@state.tx.us,18-06-2024,02-07-2024
Field Service Management Software,Jacques,jmallinson1j@wired.com,28-04-2024,12-05-2024
Business Intelligence Dashboard,Kelsi,kwormsc2@virginia.edu,08-06-2024,29-06-2024
Supply Chain Optimization Platform,Deina,dcockshot85@dion.ne.jp,15-05-2024,05-06-2024
Inventory Management Software,Emmanuel,eprosh4@jiathis.com,09-07-2024,30-07-2024
Workflow Automation Platform,Skelly,shousaman38@feedburner.com,07-06-2024,28-06-2024
Customer Feedback Management Tool,Ingunna,igotcliffe8g@networksolutions.com,29-05-2024,19-06-2024
Employee Performance Appraisal Tool,Amerigo,arupke73@unicef.org,28-05-2024,18-06-2024
Quality Assurance Management System,Nollie,nduxbury4y@stumbleupon.com,11-06-2024,02-07-2024
Business Intelligence Dashboard,Morgun,mfain3u@free.fr,27-05-2024,10-06-2024
Marketing Campaign Tracker,Delia,dswinley8c@shinystat.com,23-06-2024,07-07-2024
Customer Relationship Management (CRM) System,Cornelius,ccreedlandbh@privacy.gov.au,15-06-2024,29-06-2024
Order Management System,Benji,bgwyneth1m@jimdo.com,29-05-2024,19-06-2024
Procurement Management Solution,Rutledge,rwiffen32@dot.gov,25-05-2024,15-06-2024
Producti,Jedd,jcawteh@timesonline.co.uk,18-05-2024,01-06-2024
Asset Tracking Application,Odetta,oamphlett79@artisteer.com,22-05-2024,12-06-2024
Customer Feedback Management Tool,Jenny,jdolden8@google.com.au,26-05-2024,16-06-2024
Incident Reporting System,Giulietta,gdilgarno10@nationalgeographic.com,10-05-2024,31-05-2024
Document Collaboration Platform,Salvador,soxendenbn@yelp.com,11-05-2024,25-05-2024
Sales Dashboard,Corrianne,cpole5f@eventbrite.com,20-05-2024,10-06-2024
Risk Management Software,Ginevra,gscullion4v@spotify.com,13-06-2024,27-06-2024
Producti,Adara,acalderheadba@pinterest.com,04-06-2024,25-06-2024
Product Lifecycle Management (PLM) Software,Laura,lfergie9e@yelp.com,28-05-2024,18-06-2024
Workflow Automation Platform,Lib,lmcgauhyz@nifty.com,11-07-2024,01-08-2024
Procurement Management Solution,Nicola,nkieltdq@cbsnews.com,10-06-2024,24-06-2024
Sales Dashboard,Harris,hplimmerdg@google.it,15-06-2024,06-07-2024
Field Service Management Software,Gae,growes72@lulu.com,24-06-2024,15-07-2024
Asset Tracking Application,Fleming,fschechter5j@smugmug.com,16-04-2024,07-05-2024
Customer Relationship Management (CRM) System,Obie,oantic28@forbes.com,03-06-2024,24-06-2024
Asset Tracking Application,Herrick,hgillie2q@photobucket.com,10-06-2024,01-07-2024
Sales Dashboard,Tabbitha,tmant51@cdc.gov,29-05-2024,12-06-2024
Customer Feedback Management Tool,Bendix,bhuddle7@freewebs.com,09-07-2024,30-07-2024
Asset Tracking Application,Katheryn,kflecknell4s@adobe.com,18-05-2024,08-06-2024
Asset Tracking Application,Livvie,lnicholes31@huffingtonpost.com,24-06-2024,08-07-2024
Project Planning Tool,Keelby,kluesleyn@answers.com,29-05-2024,12-06-2024
Document Collaboration Platform,Sibel,sbanatao@engadget.com,27-05-2024,17-06-2024
Customer Relationship Management (CRM) System,Borg,bcalfe2t@addtoany.com,06-06-2024,27-06-2024
Marketing Campaign Tracker,Sansone,sscurfield7j@biglobe.ne.jp,28-04-2024,19-05-2024
Help Desk Ticketing System,Sile,srossoncr@cbslocal.com,29-04-2024,13-05-2024
Field Service Management Software,Winslow,wradin3q@addtoany.com,25-06-2024,16-07-2024
Asset Tracking Application,Faunie,fgenney7z@devhub.com,19-07-2024,02-08-2024
Sales Forecasting Application,Eada,esign4a@berkeley.edu,05-06-2024,26-06-2024
Project Planning Tool,Chaddy,ctrethowan3p@marriott.com,21-05-2024,11-06-2024
Risk Management Software,Tracee,talonsob2@usda.gov,08-06-2024,22-06-2024
Sales Forecasting Application,Lucia,lgotter1v@hatena.ne.jp,04-05-2024,18-05-2024
Market Research Analysis Tool,Lanny,lfalls58@answers.com,10-06-2024,24-06-2024
Order Management System,Delainey,deveriss3f@edublogs.org,29-05-2024,19-06-2024
Market Research Analysis Tool,Clayborn,ctournay5d@ycombinator.com,01-05-2024,15-05-2024
Document Collaboration Platform,Lexy,ljoysey54@xing.com,26-05-2024,09-06-2024
Customer Relationship Management (CRM) System,Rozalin,rmcgreary83@soup.io,12-05-2024,02-06-2024
Product Lifecycle Management (PLM) Software,Alanson,aolenchikov9r@state.gov,08-06-2024,29-06-2024
Procurement Management Solution,Myrna,mmcmoyer60@paypal.com,05-06-2024,26-06-2024
Event Planning and Management Software,Nola,ndeverson8v@weibo.com,09-05-2024,30-05-2024
Product Lifecycle Management (PLM) Software,Teriann,tdownage6a@ft.com,18-05-2024,01-06-2024
Field Service Management Software,Lacey,lkerby6z@blogger.com,14-06-2024,28-06-2024
Sales Dashboard,Sara,skassidy8w@uiuc.edu,10-06-2024,01-07-2024
Workflow Automation Platform,Florentia,ffilipic8q@cnet.com,20-05-2024,10-06-2024
Human Resources Information System (HRIS),Annaliese,apauntonbz@bigcartel.com,18-05-2024,01-06-2024
Asset Tracking Application,Noell,nplanke35@dell.com,08-06-2024,29-06-2024
Document Collaboration Platform,Trixi,tcaghy4d@imdb.com,30-06-2024,21-07-2024
Procurement Management Solution,Joycelin,jgrebert4l@mac.com,16-06-2024,07-07-2024
Event Planning and Management Software,Deana,dkelf9b@macromedia.com,21-05-2024,04-06-2024
Procurement Management Solution,Maureene,mhasney3z@walmart.com,30-05-2024,13-06-2024
Quality Assurance Management System,Arturo,amarvin11@theguardian.com,29-05-2024,12-06-2024
Accounts Payable Automation,Otis,oiredaleai@narod.ru,13-07-2024,03-08-2024
